<?xml version="1.0" encoding="UTF-8" ?>
<!DOCTYPE mapper
        PUBLIC "-//mybatis.org//DTD Config 3.0//EN"
        "http://mybatis.org/dtd/mybatis-3-mapper.dtd">
<mapper namespace="com.mu.mapper.PaperMapper">
    <!--
    <resultMap id="Papers" type="com.mu.entity.Papers">
        <id column="id" property="id"/>
        <result column="user_name" property="userName"/>
        <result column="password" property="password"/>
        <result column="name" property="name"/>
        <result column="phone" property="phone"/>
        <result column="type" property="type"></result>
        <result column="remark" property="remark"></result>
    </resultMap>

    <insert id="addPaper" parameterType="Papers">
        insert into kuang.paper('paperName', 'paperAuthorID', 'paperDate')
        values(#{paperName},#{paperAuthorID},#{paperDate});
    </insert>

    <delete id="deletePaperById" parameterType="int">
        delete from kuang.paper where paperID = #{paperID};
    </delete>

    <update id="updatePaper" parameterType="Papers">
        update kuang.paper set paperName = #{paperName},paperAuthorID = #{paperAuthorID},paperDate = #{paperDate}
        where paperID = #{paperID};
    </update>
    -->
    <select id="queryPaper" resultType="com.mu.entity.Papers">
        select * from mu.paper
        where paperId = #{paperId};
    </select>
    <!--
    <select id="queryAllPaper" resultType="Papers">
        select * from kuang.paper
    </select>

    <select id="queryPaperByName" resultType="Papers">
        select * from kuang.paper where paperName = #{paperName};
    </select>
    -->
</mapper>