<?xml version="1.0" encoding="UTF-8" ?>
<!DOCTYPE configuration
        PUBLIC "-//mybatis.org//DTD Config 3.0//EN"
        "http://mybatis.org/dtd/mybatis-3-config.dtd">
<configuration>
    <!--
    <settings>
        <setting name="mapUnderscoreToCamelCase" value="true"/>
    </settings>

    <environments default="development">
        <environment id="development">
            <transactionManager type="JDBC"/>    // 单独使用时配置成MANAGED没有事务
            <dataSource type="POOLED">
                <property name="driver" value="${driver}"/>
                <property name="url" value="${url}"/>
                <property name="username" value="${jdbc.username}"/>
                <property name="password" value="${jdbc.password}"/>
            </dataSource>
        </environment>
    </environments>
    -->
    <mappers>
        <mapper resource="mybatis/mapper/PaperMapper.xml"/>
        <mapper resource="mybatis/mapper/PaperMapper.xml"/>
    </mappers>
</configuration>